{
  "avgPrecisionAt5": 0.19823529411764712,
  "avgRecallAt5": 0.557843137254902,
  "avgMRR": 0.38317135736640384,
  "avgNDCGAt5": 0.6564984357516831,
  "avgCitationAcc": 0.6664705882352941,
  "avgSourcePresence": 0.5120588235294118,
  "avgContainsExpected": 0.9131372549019608,
  "errorAnalysis": {
    "totalErrors": 275,
    "byCategory": {
      "article_ranked_too_low": 76,
      "article_not_retrieved": 160,
      "context_truncated": 39
    },
    "bySeverity": {
      "low": 0,
      "medium": 115,
      "high": 160
    },
    "errorRate": 0.35
  },
  "byCategory": {
    "factual": {
      "count": 43,
      "avgPrecision5": 0.2093023255813954,
      "avgRecall5": 0.5813953488372093,
      "avgMRR": 0.4391102114939324
    },
    "comparative": {
      "count": 40,
      "avgPrecision5": 0.2,
      "avgRecall5": 0.4,
      "avgMRR": 0.3735286935286935
    },
    "procedural": {
      "count": 60,
      "avgPrecision5": 0.24666666666666667,
      "avgRecall5": 0.5833333333333334,
      "avgMRR": 0.4732052207052206
    },
    "temporal": {
      "count": 21,
      "avgPrecision5": 0.19047619047619047,
      "avgRecall5": 0.5952380952380952,
      "avgMRR": 0.4687423687423687
    },
    "edge_case": {
      "count": 30,
      "avgPrecision5": 0.15333333333333335,
      "avgRecall5": 0.38333333333333336,
      "avgMRR": 0.3425558530163793
    },
    "negative": {
      "count": 40,
      "avgPrecision5": 0,
      "avgRecall5": 1,
      "avgMRR": 0
    },
    "sanctions": {
      "count": 27,
      "avgPrecision5": 0.18518518518518523,
      "avgRecall5": 0.5925925925925926,
      "avgMRR": 0.4444444444444444
    },
    "doctrina": {
      "count": 20,
      "avgPrecision5": 0.19,
      "avgRecall5": 0.3,
      "avgMRR": 0.3040445665445666
    },
    "multi_source": {
      "count": 20,
      "avgPrecision5": 0.33999999999999997,
      "avgRecall5": 0.55,
      "avgMRR": 0.5199999999999999
    },
    "multi_norma": {
      "count": 2,
      "avgPrecision5": 0.4,
      "avgRecall5": 0.41666666666666663,
      "avgMRR": 0.625
    },
    "conflicto_interpretativo": {
      "count": 2,
      "avgPrecision5": 0.1,
      "avgRecall5": 0.25,
      "avgMRR": 0.5
    },
    "excepcion": {
      "count": 2,
      "avgPrecision5": 0.30000000000000004,
      "avgRecall5": 0.41666666666666663,
      "avgMRR": 0.41666666666666663
    },
    "calculo_complejo": {
      "count": 1,
      "avgPrecision5": 0.2,
      "avgRecall5": 0.3333333333333333,
      "avgMRR": 0.3333333333333333
    },
    "jerarquia_normativa": {
      "count": 1,
      "avgPrecision5": 0,
      "avgRecall5": 0,
      "avgMRR": 0
    },
    "multi_sujeto": {
      "count": 1,
      "avgPrecision5": 0.4,
      "avgRecall5": 0.4,
      "avgMRR": 0.5
    },
    "procedimiento_complejo": {
      "count": 2,
      "avgPrecision5": 0.3,
      "avgRecall5": 0.3,
      "avgMRR": 0.5
    },
    "abstention": {
      "count": 2,
      "avgPrecision5": 0.2,
      "avgRecall5": 1,
      "avgMRR": 0.5
    },
    "vigencia": {
      "count": 1,
      "avgPrecision5": 1,
      "avgRecall5": 1,
      "avgMRR": 1
    },
    "sancion_compleja": {
      "count": 1,
      "avgPrecision5": 0.6,
      "avgRecall5": 0.3333333333333333,
      "avgMRR": 1
    },
    "multi_impuesto": {
      "count": 1,
      "avgPrecision5": 0.2,
      "avgRecall5": 0.25,
      "avgMRR": 1
    },
    "zona_franca": {
      "count": 1,
      "avgPrecision5": 0.8,
      "avgRecall5": 1,
      "avgMRR": 1
    },
    "precios_transferencia": {
      "count": 1,
      "avgPrecision5": 0.6,
      "avgRecall5": 0.6666666666666666,
      "avgMRR": 1
    },
    "patrimonio": {
      "count": 1,
      "avgPrecision5": 0,
      "avgRecall5": 0,
      "avgMRR": 0
    },
    "renta_PN": {
      "count": 1,
      "avgPrecision5": 0.6,
      "avgRecall5": 0.5,
      "avgMRR": 1
    },
    "IVA_complejo": {
      "count": 1,
      "avgPrecision5": 0.2,
      "avgRecall5": 0.3333333333333333,
      "avgMRR": 0.2
    },
    "dividendos": {
      "count": 1,
      "avgPrecision5": 0.8,
      "avgRecall5": 0.6666666666666666,
      "avgMRR": 1
    },
    "nomina_electronica": {
      "count": 1,
      "avgPrecision5": 0,
      "avgRecall5": 0,
      "avgMRR": 0
    },
    "regimen_especial": {
      "count": 1,
      "avgPrecision5": 0,
      "avgRecall5": 0,
      "avgMRR": 0
    },
    "retencion_servicios": {
      "count": 1,
      "avgPrecision5": 0.8,
      "avgRecall5": 0.6666666666666666,
      "avgMRR": 1
    },
    "impuesto_consumo": {
      "count": 1,
      "avgPrecision5": 0.6,
      "avgRecall5": 0.5,
      "avgMRR": 1
    },
    "ganancias_ocasionales": {
      "count": 1,
      "avgPrecision5": 0.2,
      "avgRecall5": 0.25,
      "avgMRR": 1
    },
    "regimen_transicion": {
      "count": 1,
      "avgPrecision5": 0,
      "avgRecall5": 0,
      "avgMRR": 0.047619047619047616
    },
    "GMF": {
      "count": 1,
      "avgPrecision5": 1,
      "avgRecall5": 0.5,
      "avgMRR": 1
    },
    "informacion_faltante": {
      "count": 1,
      "avgPrecision5": 0,
      "avgRecall5": 0,
      "avgMRR": 0
    },
    "RUT": {
      "count": 1,
      "avgPrecision5": 0.2,
      "avgRecall5": 1,
      "avgMRR": 1
    },
    "renta_presuntiva": {
      "count": 1,
      "avgPrecision5": 0.4,
      "avgRecall5": 0.5,
      "avgMRR": 0.25
    },
    "ICA_vs_renta": {
      "count": 1,
      "avgPrecision5": 0.2,
      "avgRecall5": 1,
      "avgMRR": 1
    },
    "subcapitalizacion": {
      "count": 1,
      "avgPrecision5": 0,
      "avgRecall5": 0,
      "avgMRR": 0
    },
    "contrato_estabilidad": {
      "count": 1,
      "avgPrecision5": 0,
      "avgRecall5": 1,
      "avgMRR": 0
    },
    "facturacion": {
      "count": 1,
      "avgPrecision5": 0,
      "avgRecall5": 0,
      "avgMRR": 0
    },
    "obras_por_impuestos": {
      "count": 1,
      "avgPrecision5": 0,
      "avgRecall5": 0,
      "avgMRR": 0.047619047619047616
    },
    "tasa_minima": {
      "count": 1,
      "avgPrecision5": 0,
      "avgRecall5": 0,
      "avgMRR": 0
    },
    "negativo_complejo": {
      "count": 1,
      "avgPrecision5": 0,
      "avgRecall5": 1,
      "avgMRR": 0
    }
  },
  "avgLatencyMs": 4676.997058823529,
  "p95LatencyMs": 2557,
  "avgTokensUsed": 9353.508823529412,
  "avgExternalSourcePresence": 0.993421052631579,
  "avgSourceTypeAccuracy": 0.8859649122807018,
  "avgPrecisionAt5Adj": 0.8838235294117643,
  "avgExtSourceRetrieved": 0.993421052631579,
  "avgExtSourceInContext": 0.8859649122807018,
  "avgAbstentionQuality": 0.5735294117647058,
  "avgCompletenessScore": 0.9131372549019608,
  "byDifficulty": {
    "easy": {
      "count": 28,
      "avgPrecision5": 0.2,
      "avgRecall5": 0.5714285714285714,
      "avgMRR": 0.420856524427953
    },
    "medium": {
      "count": 99,
      "avgPrecision5": 0.22222222222222215,
      "avgRecall5": 0.5505050505050505,
      "avgMRR": 0.4549622235228297
    },
    "hard": {
      "count": 213,
      "avgPrecision5": 0.1868544600938967,
      "avgRecall5": 0.5594679186228482,
      "avgMRR": 0.34484985301330756
    }
  },
  "complexQuestionMetrics": {
    "count": 40,
    "avgPrecision5": 0.2899999999999999,
    "avgRecall5": 0.4416666666666666,
    "avgMRR": 0.511547619047619,
    "avgCompletenessScore": 0.8450000000000001
  },
  "totalMetricsCount": 17
}