{
  "avgPrecisionAt5": 0.18058823529411777,
  "avgRecallAt5": 0.5424509803921569,
  "avgMRR": 0.3842024666386386,
  "avgNDCGAt5": 0.6166419203609836,
  "avgCitationAcc": 0.6065686274509804,
  "avgSourcePresence": 0.46151960784313734,
  "avgContainsExpected": 0.8806862745098043,
  "errorAnalysis": {
    "totalErrors": 368,
    "byCategory": {
      "article_not_retrieved": 107,
      "article_ranked_too_low": 135,
      "context_truncated": 126
    },
    "bySeverity": {
      "low": 0,
      "medium": 261,
      "high": 107
    },
    "errorRate": 0.23823529411764705
  },
  "byCategory": {
    "factual": {
      "count": 43,
      "avgPrecision5": 0.16744186046511628,
      "avgRecall5": 0.5116279069767442,
      "avgMRR": 0.37396668538939404
    },
    "comparative": {
      "count": 40,
      "avgPrecision5": 0.2,
      "avgRecall5": 0.35,
      "avgMRR": 0.40371042034709587
    },
    "procedural": {
      "count": 60,
      "avgPrecision5": 0.20333333333333334,
      "avgRecall5": 0.55,
      "avgMRR": 0.48344545944965217
    },
    "temporal": {
      "count": 21,
      "avgPrecision5": 0.2,
      "avgRecall5": 0.5476190476190477,
      "avgMRR": 0.4485235003092146
    },
    "edge_case": {
      "count": 30,
      "avgPrecision5": 0.20000000000000007,
      "avgRecall5": 0.5,
      "avgMRR": 0.4097141068310423
    },
    "negative": {
      "count": 40,
      "avgPrecision5": 0,
      "avgRecall5": 1,
      "avgMRR": 0
    },
    "sanctions": {
      "count": 27,
      "avgPrecision5": 0.15555555555555556,
      "avgRecall5": 0.48148148148148145,
      "avgMRR": 0.349778616445283
    },
    "doctrina": {
      "count": 20,
      "avgPrecision5": 0.15000000000000002,
      "avgRecall5": 0.4,
      "avgMRR": 0.42238813423330923
    },
    "multi_source": {
      "count": 20,
      "avgPrecision5": 0.35000000000000003,
      "avgRecall5": 0.6,
      "avgMRR": 0.527625
    },
    "multi_norma": {
      "count": 2,
      "avgPrecision5": 0.4,
      "avgRecall5": 0.4583333333333333,
      "avgMRR": 1
    },
    "conflicto_interpretativo": {
      "count": 2,
      "avgPrecision5": 0,
      "avgRecall5": 0,
      "avgMRR": 0.07026143790849673
    },
    "excepcion": {
      "count": 2,
      "avgPrecision5": 0.2,
      "avgRecall5": 0.29166666666666663,
      "avgMRR": 0.75
    },
    "calculo_complejo": {
      "count": 1,
      "avgPrecision5": 0,
      "avgRecall5": 0,
      "avgMRR": 0.14285714285714285
    },
    "jerarquia_normativa": {
      "count": 1,
      "avgPrecision5": 0,
      "avgRecall5": 0,
      "avgMRR": 0.07142857142857142
    },
    "multi_sujeto": {
      "count": 1,
      "avgPrecision5": 0.4,
      "avgRecall5": 0.2,
      "avgMRR": 1
    },
    "procedimiento_complejo": {
      "count": 2,
      "avgPrecision5": 0.2,
      "avgRecall5": 0.2,
      "avgMRR": 0.5
    },
    "abstention": {
      "count": 2,
      "avgPrecision5": 0.2,
      "avgRecall5": 1,
      "avgMRR": 0.5
    },
    "vigencia": {
      "count": 1,
      "avgPrecision5": 1,
      "avgRecall5": 1,
      "avgMRR": 1
    },
    "sancion_compleja": {
      "count": 1,
      "avgPrecision5": 0.2,
      "avgRecall5": 0.3333333333333333,
      "avgMRR": 0.3333333333333333
    },
    "multi_impuesto": {
      "count": 1,
      "avgPrecision5": 0.2,
      "avgRecall5": 0.25,
      "avgMRR": 0.5
    },
    "zona_franca": {
      "count": 1,
      "avgPrecision5": 0.8,
      "avgRecall5": 1,
      "avgMRR": 1
    },
    "precios_transferencia": {
      "count": 1,
      "avgPrecision5": 0.4,
      "avgRecall5": 0.6666666666666666,
      "avgMRR": 1
    },
    "patrimonio": {
      "count": 1,
      "avgPrecision5": 0,
      "avgRecall5": 0,
      "avgMRR": 0
    },
    "renta_PN": {
      "count": 1,
      "avgPrecision5": 0.4,
      "avgRecall5": 0.5,
      "avgMRR": 0.5
    },
    "IVA_complejo": {
      "count": 1,
      "avgPrecision5": 0.4,
      "avgRecall5": 0.3333333333333333,
      "avgMRR": 1
    },
    "dividendos": {
      "count": 1,
      "avgPrecision5": 0.8,
      "avgRecall5": 0.6666666666666666,
      "avgMRR": 1
    },
    "nomina_electronica": {
      "count": 1,
      "avgPrecision5": 0,
      "avgRecall5": 0,
      "avgMRR": 0
    },
    "regimen_especial": {
      "count": 1,
      "avgPrecision5": 0,
      "avgRecall5": 0,
      "avgMRR": 0
    },
    "retencion_servicios": {
      "count": 1,
      "avgPrecision5": 0.2,
      "avgRecall5": 0.3333333333333333,
      "avgMRR": 0.5
    },
    "impuesto_consumo": {
      "count": 1,
      "avgPrecision5": 0.2,
      "avgRecall5": 0.5,
      "avgMRR": 1
    },
    "ganancias_ocasionales": {
      "count": 1,
      "avgPrecision5": 0.2,
      "avgRecall5": 0.25,
      "avgMRR": 0.5
    },
    "regimen_transicion": {
      "count": 1,
      "avgPrecision5": 0,
      "avgRecall5": 0,
      "avgMRR": 0.02702702702702703
    },
    "GMF": {
      "count": 1,
      "avgPrecision5": 1,
      "avgRecall5": 1,
      "avgMRR": 1
    },
    "informacion_faltante": {
      "count": 1,
      "avgPrecision5": 0,
      "avgRecall5": 0,
      "avgMRR": 0
    },
    "RUT": {
      "count": 1,
      "avgPrecision5": 0.4,
      "avgRecall5": 1,
      "avgMRR": 1
    },
    "renta_presuntiva": {
      "count": 1,
      "avgPrecision5": 0.8,
      "avgRecall5": 1,
      "avgMRR": 1
    },
    "ICA_vs_renta": {
      "count": 1,
      "avgPrecision5": 0.2,
      "avgRecall5": 1,
      "avgMRR": 1
    },
    "subcapitalizacion": {
      "count": 1,
      "avgPrecision5": 0,
      "avgRecall5": 0,
      "avgMRR": 0
    },
    "contrato_estabilidad": {
      "count": 1,
      "avgPrecision5": 0,
      "avgRecall5": 1,
      "avgMRR": 0
    },
    "facturacion": {
      "count": 1,
      "avgPrecision5": 0,
      "avgRecall5": 0,
      "avgMRR": 0
    },
    "obras_por_impuestos": {
      "count": 1,
      "avgPrecision5": 0,
      "avgRecall5": 0,
      "avgMRR": 0.023255813953488372
    },
    "tasa_minima": {
      "count": 1,
      "avgPrecision5": 0,
      "avgRecall5": 0,
      "avgMRR": 0
    },
    "negativo_complejo": {
      "count": 1,
      "avgPrecision5": 0,
      "avgRecall5": 1,
      "avgMRR": 0
    }
  },
  "avgLatencyMs": 3688.002941176471,
  "p95LatencyMs": 4496,
  "avgTokensUsed": 9949.838235294117,
  "avgExternalSourcePresence": 0.993421052631579,
  "avgSourceTypeAccuracy": 0.8004385964912281,
  "avgPrecisionAt5Adj": 0.811421568627451,
  "avgExtSourceRetrieved": 0.993421052631579,
  "avgExtSourceInContext": 0.8004385964912281,
  "avgAbstentionQuality": 0.5411764705882353,
  "avgCompletenessScore": 0.8806862745098043,
  "byDifficulty": {
    "easy": {
      "count": 28,
      "avgPrecision5": 0.1642857142857143,
      "avgRecall5": 0.4642857142857143,
      "avgMRR": 0.3505961941886312
    },
    "medium": {
      "count": 99,
      "avgPrecision5": 0.1797979797979797,
      "avgRecall5": 0.5050505050505051,
      "avgMRR": 0.4435298009853349
    },
    "hard": {
      "count": 213,
      "avgPrecision5": 0.18309859154929564,
      "avgRecall5": 0.5701095461658842,
      "avgMRR": 0.3610455160671701
    }
  },
  "complexQuestionMetrics": {
    "count": 40,
    "avgPrecision5": 0.24500000000000005,
    "avgRecall5": 0.42333333333333334,
    "avgMRR": 0.5059606191104139,
    "avgCompletenessScore": 0.8025000000000002
  },
  "totalMetricsCount": 17
}