{
  "avgPrecisionAt5": 0.18533333333333338,
  "avgRecallAt5": 0.575,
  "avgMRR": 0.3681638665865178,
  "avgNDCGAt5": 0.6578901505348963,
  "avgCitationAcc": 0.68,
  "avgSourcePresence": 0.5283333333333333,
  "avgContainsExpected": 0.9249999999999994,
  "errorAnalysis": {
    "totalErrors": 210,
    "byCategory": {
      "article_ranked_too_low": 66,
      "article_not_retrieved": 110,
      "context_truncated": 34
    },
    "bySeverity": {
      "low": 0,
      "medium": 100,
      "high": 110
    },
    "errorRate": 0.30333333333333334
  },
  "byCategory": {
    "factual": {
      "count": 43,
      "avgPrecision5": 0.2046511627906977,
      "avgRecall5": 0.5813953488372093,
      "avgMRR": 0.4401716710993758
    },
    "comparative": {
      "count": 40,
      "avgPrecision5": 0.2,
      "avgRecall5": 0.4,
      "avgMRR": 0.3752648046398046
    },
    "procedural": {
      "count": 60,
      "avgPrecision5": 0.24666666666666667,
      "avgRecall5": 0.5833333333333334,
      "avgMRR": 0.47433712801359856
    },
    "temporal": {
      "count": 20,
      "avgPrecision5": 0.19,
      "avgRecall5": 0.575,
      "avgMRR": 0.4377350427350427
    },
    "edge_case": {
      "count": 30,
      "avgPrecision5": 0.15333333333333335,
      "avgRecall5": 0.38333333333333336,
      "avgMRR": 0.3425558530163793
    },
    "negative": {
      "count": 40,
      "avgPrecision5": 0,
      "avgRecall5": 1,
      "avgMRR": 0
    },
    "sanctions": {
      "count": 27,
      "avgPrecision5": 0.2,
      "avgRecall5": 0.5925925925925926,
      "avgMRR": 0.4444444444444444
    },
    "doctrina": {
      "count": 20,
      "avgPrecision5": 0.18,
      "avgRecall5": 0.325,
      "avgMRR": 0.3059790903540904
    },
    "multi_source": {
      "count": 20,
      "avgPrecision5": 0.33,
      "avgRecall5": 0.55,
      "avgMRR": 0.5449999999999999
    }
  },
  "avgLatencyMs": 1014.3966666666666,
  "p95LatencyMs": 1724,
  "avgTokensUsed": 8933.626666666667,
  "avgExternalSourcePresence": 1,
  "avgSourceTypeAccuracy": 1,
  "avgPrecisionAt5Adj": 0.8916666666666667,
  "avgExtSourceRetrieved": 1,
  "avgExtSourceInContext": 1
}