{
  "avgPrecisionAt5": 0.19411764705882356,
  "avgRecallAt5": 0.5519607843137255,
  "avgMRR": 0.38533935006245734,
  "avgNDCGAt5": 0.6469718764261839,
  "avgCitationAcc": 0.6547058823529411,
  "avgSourcePresence": 0.5076470588235293,
  "avgContainsExpected": 0.9057843137254903,
  "errorAnalysis": {
    "totalErrors": 297,
    "byCategory": {
      "article_ranked_too_low": 92,
      "article_not_retrieved": 146,
      "context_truncated": 59
    },
    "bySeverity": {
      "low": 0,
      "medium": 151,
      "high": 146
    },
    "errorRate": 0.3176470588235294
  },
  "byCategory": {
    "factual": {
      "count": 43,
      "avgPrecision5": 0.19069767441860466,
      "avgRecall5": 0.5813953488372093,
      "avgMRR": 0.4233017951041207
    },
    "comparative": {
      "count": 40,
      "avgPrecision5": 0.17500000000000002,
      "avgRecall5": 0.35,
      "avgMRR": 0.3928165810638637
    },
    "procedural": {
      "count": 60,
      "avgPrecision5": 0.25000000000000006,
      "avgRecall5": 0.6083333333333333,
      "avgMRR": 0.5034255096755096
    },
    "temporal": {
      "count": 21,
      "avgPrecision5": 0.20000000000000004,
      "avgRecall5": 0.5238095238095238,
      "avgMRR": 0.4131303012088425
    },
    "edge_case": {
      "count": 30,
      "avgPrecision5": 0.15333333333333335,
      "avgRecall5": 0.38333333333333336,
      "avgMRR": 0.3425558530163793
    },
    "negative": {
      "count": 40,
      "avgPrecision5": 0,
      "avgRecall5": 1,
      "avgMRR": 0
    },
    "sanctions": {
      "count": 27,
      "avgPrecision5": 0.18518518518518523,
      "avgRecall5": 0.5925925925925926,
      "avgMRR": 0.4444444444444444
    },
    "doctrina": {
      "count": 20,
      "avgPrecision5": 0.19,
      "avgRecall5": 0.3,
      "avgMRR": 0.3040445665445666
    },
    "multi_source": {
      "count": 20,
      "avgPrecision5": 0.33999999999999997,
      "avgRecall5": 0.55,
      "avgMRR": 0.5199999999999999
    },
    "multi_norma": {
      "count": 2,
      "avgPrecision5": 0.4,
      "avgRecall5": 0.41666666666666663,
      "avgMRR": 0.625
    },
    "conflicto_interpretativo": {
      "count": 2,
      "avgPrecision5": 0.1,
      "avgRecall5": 0.25,
      "avgMRR": 0.5
    },
    "excepcion": {
      "count": 2,
      "avgPrecision5": 0.30000000000000004,
      "avgRecall5": 0.41666666666666663,
      "avgMRR": 0.41666666666666663
    },
    "calculo_complejo": {
      "count": 1,
      "avgPrecision5": 0.2,
      "avgRecall5": 0.3333333333333333,
      "avgMRR": 0.3333333333333333
    },
    "jerarquia_normativa": {
      "count": 1,
      "avgPrecision5": 0,
      "avgRecall5": 0,
      "avgMRR": 0
    },
    "multi_sujeto": {
      "count": 1,
      "avgPrecision5": 0.4,
      "avgRecall5": 0.4,
      "avgMRR": 0.5
    },
    "procedimiento_complejo": {
      "count": 2,
      "avgPrecision5": 0.3,
      "avgRecall5": 0.3,
      "avgMRR": 0.5
    },
    "abstention": {
      "count": 2,
      "avgPrecision5": 0.2,
      "avgRecall5": 1,
      "avgMRR": 0.5
    },
    "vigencia": {
      "count": 1,
      "avgPrecision5": 1,
      "avgRecall5": 1,
      "avgMRR": 1
    },
    "sancion_compleja": {
      "count": 1,
      "avgPrecision5": 0.6,
      "avgRecall5": 0.3333333333333333,
      "avgMRR": 1
    },
    "multi_impuesto": {
      "count": 1,
      "avgPrecision5": 0.2,
      "avgRecall5": 0.25,
      "avgMRR": 1
    },
    "zona_franca": {
      "count": 1,
      "avgPrecision5": 0.8,
      "avgRecall5": 1,
      "avgMRR": 1
    },
    "precios_transferencia": {
      "count": 1,
      "avgPrecision5": 0.6,
      "avgRecall5": 0.6666666666666666,
      "avgMRR": 1
    },
    "patrimonio": {
      "count": 1,
      "avgPrecision5": 0,
      "avgRecall5": 0,
      "avgMRR": 0
    },
    "renta_PN": {
      "count": 1,
      "avgPrecision5": 0.6,
      "avgRecall5": 0.5,
      "avgMRR": 1
    },
    "IVA_complejo": {
      "count": 1,
      "avgPrecision5": 0.2,
      "avgRecall5": 0.3333333333333333,
      "avgMRR": 0.2
    },
    "dividendos": {
      "count": 1,
      "avgPrecision5": 0.8,
      "avgRecall5": 0.6666666666666666,
      "avgMRR": 1
    },
    "nomina_electronica": {
      "count": 1,
      "avgPrecision5": 0,
      "avgRecall5": 0,
      "avgMRR": 0
    },
    "regimen_especial": {
      "count": 1,
      "avgPrecision5": 0,
      "avgRecall5": 0,
      "avgMRR": 0
    },
    "retencion_servicios": {
      "count": 1,
      "avgPrecision5": 0.8,
      "avgRecall5": 0.6666666666666666,
      "avgMRR": 1
    },
    "impuesto_consumo": {
      "count": 1,
      "avgPrecision5": 0.6,
      "avgRecall5": 0.5,
      "avgMRR": 1
    },
    "ganancias_ocasionales": {
      "count": 1,
      "avgPrecision5": 0.2,
      "avgRecall5": 0.25,
      "avgMRR": 1
    },
    "regimen_transicion": {
      "count": 1,
      "avgPrecision5": 0,
      "avgRecall5": 0,
      "avgMRR": 0.047619047619047616
    },
    "GMF": {
      "count": 1,
      "avgPrecision5": 1,
      "avgRecall5": 0.5,
      "avgMRR": 1
    },
    "informacion_faltante": {
      "count": 1,
      "avgPrecision5": 0,
      "avgRecall5": 0,
      "avgMRR": 0
    },
    "RUT": {
      "count": 1,
      "avgPrecision5": 0.2,
      "avgRecall5": 1,
      "avgMRR": 1
    },
    "renta_presuntiva": {
      "count": 1,
      "avgPrecision5": 0.4,
      "avgRecall5": 0.5,
      "avgMRR": 0.25
    },
    "ICA_vs_renta": {
      "count": 1,
      "avgPrecision5": 0.2,
      "avgRecall5": 1,
      "avgMRR": 1
    },
    "subcapitalizacion": {
      "count": 1,
      "avgPrecision5": 0,
      "avgRecall5": 0,
      "avgMRR": 0
    },
    "contrato_estabilidad": {
      "count": 1,
      "avgPrecision5": 0,
      "avgRecall5": 1,
      "avgMRR": 0
    },
    "facturacion": {
      "count": 1,
      "avgPrecision5": 0,
      "avgRecall5": 0,
      "avgMRR": 0
    },
    "obras_por_impuestos": {
      "count": 1,
      "avgPrecision5": 0,
      "avgRecall5": 0,
      "avgMRR": 0.047619047619047616
    },
    "tasa_minima": {
      "count": 1,
      "avgPrecision5": 0,
      "avgRecall5": 0,
      "avgMRR": 0
    },
    "negativo_complejo": {
      "count": 1,
      "avgPrecision5": 0,
      "avgRecall5": 1,
      "avgMRR": 0
    }
  },
  "avgLatencyMs": 1798.3088235294117,
  "p95LatencyMs": 4004,
  "avgTokensUsed": 9538.708823529412,
  "avgExternalSourcePresence": 0.993421052631579,
  "avgSourceTypeAccuracy": 0.8859649122807018,
  "avgPrecisionAt5Adj": 0.866176470588235,
  "avgExtSourceRetrieved": 0.993421052631579,
  "avgExtSourceInContext": 0.8859649122807018,
  "avgAbstentionQuality": 0.5794117647058824,
  "avgCompletenessScore": 0.9057843137254903,
  "byDifficulty": {
    "easy": {
      "count": 28,
      "avgPrecision5": 0.17857142857142858,
      "avgRecall5": 0.5714285714285714,
      "avgMRR": 0.392965367965368
    },
    "medium": {
      "count": 99,
      "avgPrecision5": 0.20202020202020196,
      "avgRecall5": 0.5353535353535354,
      "avgMRR": 0.4628472773639379
    },
    "hard": {
      "count": 213,
      "avgPrecision5": 0.1924882629107981,
      "avgRecall5": 0.5571205007824725,
      "avgMRR": 0.34831205755481404
    }
  },
  "complexQuestionMetrics": {
    "count": 40,
    "avgPrecision5": 0.2899999999999999,
    "avgRecall5": 0.4416666666666666,
    "avgMRR": 0.511547619047619,
    "avgCompletenessScore": 0.8450000000000001
  },
  "totalMetricsCount": 17
}