{
  "avgPrecisionAt5": 0.18266666666666673,
  "avgRecallAt5": 0.5516666666666666,
  "avgMRR": 0.3661550291163308,
  "avgNDCGAt5": 0.6356029140434852,
  "avgCitationAcc": 0.62,
  "avgSourcePresence": 0.515,
  "avgContainsExpected": 0.8777777777777775,
  "errorAnalysis": {
    "totalErrors": 252,
    "byCategory": {
      "article_ranked_too_low": 103,
      "article_not_retrieved": 75,
      "context_truncated": 74
    },
    "bySeverity": {
      "low": 0,
      "medium": 177,
      "high": 75
    },
    "errorRate": 0.22
  },
  "byCategory": {
    "factual": {
      "count": 43,
      "avgPrecision5": 0.172093023255814,
      "avgRecall5": 0.4883720930232558,
      "avgMRR": 0.3734945561993946
    },
    "comparative": {
      "count": 40,
      "avgPrecision5": 0.20000000000000004,
      "avgRecall5": 0.35,
      "avgMRR": 0.3806367665290363
    },
    "procedural": {
      "count": 60,
      "avgPrecision5": 0.20333333333333328,
      "avgRecall5": 0.5333333333333333,
      "avgMRR": 0.4503537661077262
    },
    "temporal": {
      "count": 20,
      "avgPrecision5": 0.27,
      "avgRecall5": 0.55,
      "avgMRR": 0.4445187044756011
    },
    "edge_case": {
      "count": 30,
      "avgPrecision5": 0.19333333333333338,
      "avgRecall5": 0.43333333333333335,
      "avgMRR": 0.4608660027746048
    },
    "negative": {
      "count": 40,
      "avgPrecision5": 0,
      "avgRecall5": 1,
      "avgMRR": 0
    },
    "sanctions": {
      "count": 27,
      "avgPrecision5": 0.18518518518518517,
      "avgRecall5": 0.5555555555555556,
      "avgMRR": 0.39833253166586496
    },
    "doctrina": {
      "count": 20,
      "avgPrecision5": 0.16000000000000003,
      "avgRecall5": 0.375,
      "avgMRR": 0.38376782600572923
    },
    "multi_source": {
      "count": 20,
      "avgPrecision5": 0.39,
      "avgRecall5": 0.6,
      "avgMRR": 0.5196428571428571
    }
  },
  "avgLatencyMs": 4376.7733333333335,
  "p95LatencyMs": 5673,
  "avgTokensUsed": 9337.633333333333,
  "avgExternalSourcePresence": 1,
  "avgSourceTypeAccuracy": 0.6625,
  "avgPrecisionAt5Adj": 0.8566666666666667,
  "avgExtSourceRetrieved": 1,
  "avgExtSourceInContext": 0.6625
}