{
  "avgPrecisionAt5": 0.18333333333333346,
  "avgRecallAt5": 0.5816666666666667,
  "avgMRR": 0.3702050935971269,
  "avgNDCGAt5": 0.6389478282370709,
  "avgCitationAcc": 0.6183333333333333,
  "avgSourcePresence": 0.5,
  "avgContainsExpected": 0.8749999999999997,
  "errorAnalysis": {
    "totalErrors": 246,
    "byCategory": {
      "article_not_retrieved": 79,
      "article_ranked_too_low": 91,
      "context_truncated": 76
    },
    "bySeverity": {
      "low": 0,
      "medium": 167,
      "high": 79
    },
    "errorRate": 0.22333333333333333
  },
  "byCategory": {
    "factual": {
      "count": 43,
      "avgPrecision5": 0.1813953488372093,
      "avgRecall5": 0.5581395348837209,
      "avgMRR": 0.41847958910909994
    },
    "comparative": {
      "count": 40,
      "avgPrecision5": 0.20000000000000004,
      "avgRecall5": 0.4,
      "avgMRR": 0.40295637499590403
    },
    "procedural": {
      "count": 60,
      "avgPrecision5": 0.2066666666666666,
      "avgRecall5": 0.5416666666666666,
      "avgMRR": 0.4363515497600863
    },
    "temporal": {
      "count": 20,
      "avgPrecision5": 0.22000000000000003,
      "avgRecall5": 0.55,
      "avgMRR": 0.46497619047619043
    },
    "edge_case": {
      "count": 30,
      "avgPrecision5": 0.20000000000000007,
      "avgRecall5": 0.43333333333333335,
      "avgMRR": 0.36426046176046173
    },
    "negative": {
      "count": 40,
      "avgPrecision5": 0,
      "avgRecall5": 1,
      "avgMRR": 0
    },
    "sanctions": {
      "count": 27,
      "avgPrecision5": 0.21481481481481485,
      "avgRecall5": 0.6296296296296297,
      "avgMRR": 0.42901234567901236
    },
    "doctrina": {
      "count": 20,
      "avgPrecision5": 0.19000000000000003,
      "avgRecall5": 0.475,
      "avgMRR": 0.3851459256183093
    },
    "multi_source": {
      "count": 20,
      "avgPrecision5": 0.34,
      "avgRecall5": 0.575,
      "avgMRR": 0.5626984126984127
    }
  },
  "avgLatencyMs": 4590.806666666666,
  "p95LatencyMs": 6116,
  "avgTokensUsed": 9550.286666666667,
  "avgExternalSourcePresence": 1,
  "avgSourceTypeAccuracy": 0.5125,
  "avgPrecisionAt5Adj": 0.8666666666666667,
  "avgExtSourceRetrieved": 1,
  "avgExtSourceInContext": 0.5125
}